id,name,password
1,Ali Khan,123
2,Fatima Ahmed,234
3,Bilal Hassan,345
4,Ayesha Siddiqui,456
5,Usman Raza,567
6,Sara Malik,678
7,Ahmed Nawaz,789
8,Sana Iqbal,890
9,Omar Ali,901
10,Zara Noor,112
11,Hassan Shah,223
12,Mariam Khan,334
13,Hamza Qureshi,445
14,Anam Farooq,556
15,Imran Aziz,667
16,Nadia Tariq,778
17,Faisal Mehmood,889
18,Rabia Aslam,990
19,Junaid Sheikh,101
20,Amina Rehman,111
21,Kashif Anwar,222
22,Mehwish Ali,333
23,Arif Kamal,444
24,Zainab Babar,555
25,Salman Riaz,666
26,Hira Javed,777
27,Waqar Hussain,888
28,Nimra Saeed,999
29,Shahid Iqbal,123
30,Shazia Farooq,234
31,Tahir Abbas,345
32,Farah Nadeem,456
33,Khalid Yousuf,567
34,Rukhsana Bashir,678
35,Rizwan Tariq,789
36,Saima Ahmed,890
37,Shahzaib Khan,901
38,Sumbal Hashmi,112
39,Zohaib Siddiq,223
40,Anila Zafar,334
41,Naveed Abbas,445
42,Iqra Mushtaq,556
43,Waseem Iqbal,667
44,Areeba Shah,778
45,Asad Ullah,889
46,Mujtaba Farid,990
47,Sumaira Younus,101
48,Yasir Shah,111
49,Rubina Kausar,222
50,Wajid Ali,333
